<?xml version="1.0" encoding="utf-8" ?>
<!DOCTYPE mapper
        PUBLIC "-//mybatis.org//DTD Mapper 3.0//EN"
        "http://mybatis.org/dtd/mybatis-3-mapper.dtd">

<mapper namespace="com.xcx.mapper.OrderMapper">
    <resultMap id="orderResult" type="com.xcx.entity.Order">
        <association property="wxUserInfo" column="userId" select="com.xcx.mapper.WxUserInfoMapper.findByOpenId"></association>
    </resultMap>

    <select id="list" parameterType="Map" resultMap="orderResult">
        select * from t_order
        <where>
            <if test="orderNo!=null and orderNo != '' ">
                and orderNo like concat('%',#{orderNo} ,'%')
            </if>
        </where>
        order by createDate desc
        <if test="start!=null and pageSize!= null">
            limit #{start},#{pageSize}
        </if>
    </select>

    <select id="getTotal" parameterType="Map" resultType="Long">
        select  count(*) from t_order
        <where>
            <if test="orderNo!=null and orderNo != '' ">
                and orderNo like concat('%',#{orderNo} ,'%')
            </if>
        </where>
    </select>
</mapper>