<?xml version="1.0" encoding="utf-8" ?>
<!DOCTYPE mapper
        PUBLIC "-//mybatis.org//DTD Mapper 3.0//EN"
        "http://mybatis.org/dtd/mybatis-3-mapper.dtd">

<mapper namespace="com.xcx.mapper.ProductMapper">
    <resultMap id="productResult" type="com.xcx.entity.Product">
        <association property="type" column="typeId" select="com.xcx.mapper.SmallTypeMapper.findById"></association>
    </resultMap>

    <select id="list" parameterType="Map" resultMap="productResult">
        select * from t_product
        <where>
            <if test="name!=null and name != '' ">
                and name like concat('%',#{name} ,'%')
            </if>
        </where>
        <if test="start!=null and pageSize!= null">
            limit #{start},#{pageSize}
        </if>
    </select>

    <select id="getTotal" parameterType="Map" resultType="Long">
        select  count(*) from t_product
        <where>
            <if test="productNo!=null and productNo != '' ">
                and productNo like concat('%',#{productNo} ,'%')
            </if>
        </where>
    </select>

    <insert id="add" parameterType="com.xcx.entity.Product">
        insert into t_product values(null,#{name},#{price},#{stock},#{proPic},#{hot},#{swiper},#{swiperPic},#{swiperSort},#{type.id},null,#{productIntroImgs},#{productParaImgs},#{description});
    </insert>

    <update id="update" parameterType="com.xcx.entity.Product">
        update t_product
        <set>
            <if test="name!=null and name!=''">
                name=#{name},
            </if>
            <if test="price!=null">
                price=#{price},
            </if>
            <if test="stock!=null">
                stock=#{stock},
            </if>
            <if test="type!=null and type.id!=null">
                typeId=#{type.id},
            </if>
            <if test="proPic!=null and proPic!=''">
                proPic=#{proPic},
            </if>
            <if test="description!=null and description!=''">
                description=#{description},
            </if>
            <if test="productIntroImgs!=null and productIntroImgs!=''">
                productIntroImgs=#{productIntroImgs},
            </if>
            <if test="productParaImgs!=null and productParaImgs!=''">
                productParaImgs=#{productParaImgs},
            </if>
            <if test="swiperPic!=null and swiperPic!=''">
                swiperPic=#{swiperPic},
            </if>
            <if test="swiperSort!=null">
                swiperSort=#{swiperSort},
            </if>
        </set>
        where id=#{id}
    </update>

    <select id="findById" parameterType="Integer" resultMap="productResult">
        select * from t_product where id=#{id}
    </select>

</mapper>